species_id,pokedex,pokedex_number
1,national,1
1,kanto,1
1,original-johto,226
1,updated-johto,231
1,kalos-central,80
2,national,2
2,kanto,2
2,original-johto,227
2,updated-johto,232
2,kalos-central,81
3,national,3
3,kanto,3
3,original-johto,228
3,updated-johto,233
3,kalos-central,82
4,national,4
4,kanto,4
4,original-johto,229
4,updated-johto,234
4,conquest-gallery,109
4,kalos-central,83
5,national,5
5,kanto,5
5,original-johto,230
5,updated-johto,235
5,conquest-gallery,110
5,kalos-central,84
6,national,6
6,kanto,6
6,original-johto,231
6,updated-johto,236
6,conquest-gallery,111
6,kalos-central,85
7,national,7
7,kanto,7
7,original-johto,232
7,updated-johto,237
7,kalos-central,86
8,national,8
8,kanto,8
8,original-johto,233
8,updated-johto,238
8,kalos-central,87
9,national,9
9,kanto,9
9,original-johto,234
9,updated-johto,239
9,kalos-central,88
10,national,10
10,kanto,10
10,original-johto,24
10,updated-johto,24
10,kalos-central,23
11,national,11
11,kanto,11
11,original-johto,25
11,updated-johto,25
11,kalos-central,24
12,national,12
12,kanto,12
12,original-johto,26
12,updated-johto,26
12,kalos-central,25
13,national,13
13,kanto,13
13,original-johto,27
13,updated-johto,27
13,kalos-central,26
14,national,14
14,kanto,14
14,original-johto,28
14,updated-johto,28
14,kalos-central,27
15,national,15
15,kanto,15
15,original-johto,29
15,updated-johto,29
15,conquest-gallery,177
15,kalos-central,28
16,national,16
16,kanto,16
16,original-johto,10
16,updated-johto,10
16,kalos-central,17
17,national,17
17,kanto,17
17,original-johto,11
17,updated-johto,11
17,kalos-central,18
18,national,18
18,kanto,18
18,original-johto,12
18,updated-johto,12
18,kalos-central,19
19,national,19
19,kanto,19
19,original-johto,17
19,updated-johto,17
19,updated-unova,59
20,national,20
20,kanto,20
20,original-johto,18
20,updated-johto,18
20,updated-unova,60
21,national,21
21,kanto,21
21,original-johto,13
21,updated-johto,13
21,kalos-mountain,109
22,national,22
22,kanto,22
22,original-johto,14
22,updated-johto,14
22,kalos-mountain,110
23,national,23
23,kanto,23
23,original-johto,50
23,updated-johto,50
23,conquest-gallery,54
23,kalos-mountain,37
24,national,24
24,kanto,24
24,original-johto,51
24,updated-johto,51
24,conquest-gallery,55
24,kalos-mountain,38
25,national,25
25,kanto,25
25,original-johto,22
25,hoenn,156
25,original-sinnoh,104
25,extended-sinnoh,104
25,updated-johto,22
25,conquest-gallery,16
25,kalos-central,36
25,updated-hoenn,163
26,national,26
26,kanto,26
26,original-johto,23
26,hoenn,157
26,original-sinnoh,105
26,extended-sinnoh,105
26,updated-johto,23
26,conquest-gallery,17
26,kalos-central,37
26,updated-hoenn,164
27,national,27
27,kanto,27
27,original-johto,48
27,hoenn,112
27,updated-johto,48
27,updated-unova,113
27,kalos-mountain,97
27,updated-hoenn,117
28,national,28
28,kanto,28
28,original-johto,49
28,hoenn,113
28,updated-johto,49
28,updated-unova,114
28,kalos-mountain,98
28,updated-hoenn,118
29,national,29
29,kanto,29
29,original-johto,95
29,updated-johto,95
29,kalos-coastal,104
30,national,30
30,kanto,30
30,original-johto,96
30,updated-johto,96
30,kalos-coastal,105
31,national,31
31,kanto,31
31,original-johto,97
31,updated-johto,97
31,kalos-coastal,106
32,national,32
32,kanto,32
32,original-johto,98
32,updated-johto,98
32,kalos-coastal,107
33,national,33
33,kanto,33
33,original-johto,99
33,updated-johto,99
33,kalos-coastal,108
34,national,34
34,kanto,34
34,original-johto,100
34,updated-johto,100
34,kalos-coastal,109
35,national,35
35,kanto,35
35,original-johto,41
35,original-sinnoh,100
35,extended-sinnoh,100
35,updated-johto,41
35,updated-unova,89
36,national,36
36,kanto,36
36,original-johto,42
36,original-sinnoh,101
36,extended-sinnoh,101
36,updated-johto,42
36,updated-unova,90
37,national,37
37,kanto,37
37,original-johto,125
37,hoenn,153
37,updated-johto,127
37,updated-unova,248
37,updated-hoenn,160
38,national,38
38,kanto,38
38,original-johto,126
38,hoenn,154
38,updated-johto,128
38,updated-unova,249
38,updated-hoenn,161
39,national,39
39,kanto,39
39,original-johto,44
39,hoenn,138
39,updated-johto,44
39,updated-unova,282
39,conquest-gallery,21
39,kalos-mountain,120
39,updated-hoenn,143
40,national,40
40,kanto,40
40,original-johto,45
40,hoenn,139
40,updated-johto,45
40,updated-unova,283
40,conquest-gallery,22
40,kalos-mountain,121
40,updated-hoenn,144
41,national,41
41,kanto,41
41,original-johto,37
41,hoenn,63
41,original-sinnoh,28
41,extended-sinnoh,28
41,updated-johto,37
41,updated-unova,61
41,conquest-gallery,23
41,kalos-central,145
41,updated-hoenn,65
42,national,42
42,kanto,42
42,original-johto,38
42,hoenn,64
42,original-sinnoh,29
42,extended-sinnoh,29
42,updated-johto,38
42,updated-unova,62
42,conquest-gallery,24
42,kalos-central,146
42,updated-hoenn,66
43,national,43
43,kanto,43
43,original-johto,83
43,hoenn,88
43,updated-johto,83
43,kalos-central,105
43,updated-hoenn,91
44,national,44
44,kanto,44
44,original-johto,84
44,hoenn,89
44,updated-johto,84
44,kalos-central,106
44,updated-hoenn,92
45,national,45
45,kanto,45
45,original-johto,85
45,hoenn,90
45,updated-johto,85
45,kalos-central,107
45,updated-hoenn,93
46,national,46
46,kanto,46
46,original-johto,70
46,updated-johto,70
47,national,47
47,kanto,47
47,original-johto,71
47,updated-johto,71
48,national,48
48,kanto,48
48,original-johto,108
48,updated-johto,109
49,national,49
49,kanto,49
49,original-johto,109
49,updated-johto,110
50,national,50
50,kanto,50
50,original-johto,132
50,updated-johto,134
50,kalos-mountain,1
51,national,51
51,kanto,51
51,original-johto,133
51,updated-johto,135
51,kalos-mountain,2
52,national,52
52,kanto,52
52,original-johto,136
52,updated-johto,138
52,conquest-gallery,58
53,national,53
53,kanto,53
53,original-johto,137
53,updated-johto,139
53,conquest-gallery,59
54,national,54
54,kanto,54
54,original-johto,138
54,hoenn,158
54,original-sinnoh,43
54,extended-sinnoh,43
54,updated-johto,140
54,updated-unova,28
54,kalos-central,59
54,updated-hoenn,165
55,national,55
55,kanto,55
55,original-johto,139
55,hoenn,159
55,original-sinnoh,44
55,extended-sinnoh,44
55,updated-johto,141
55,updated-unova,29
55,kalos-central,60
55,updated-hoenn,166
56,national,56
56,kanto,56
56,original-johto,134
56,updated-johto,136
57,national,57
57,kanto,57
57,original-johto,135
57,updated-johto,137
58,national,58
58,kanto,58
58,original-johto,127
58,updated-johto,129
58,updated-unova,51
59,national,59
59,kanto,59
59,original-johto,128
59,updated-johto,130
59,updated-unova,52
60,national,60
60,kanto,60
60,original-johto,72
60,updated-johto,72
60,kalos-mountain,33
61,national,61
61,kanto,61
61,original-johto,73
61,updated-johto,73
61,kalos-mountain,34
62,national,62
62,kanto,62
62,original-johto,74
62,updated-johto,74
62,kalos-mountain,35
63,national,63
63,kanto,63
63,original-johto,89
63,hoenn,39
63,original-sinnoh,20
63,extended-sinnoh,20
63,updated-johto,89
63,conquest-gallery,127
63,kalos-central,102
63,updated-hoenn,40
64,national,64
64,kanto,64
64,original-johto,90
64,hoenn,40
64,original-sinnoh,21
64,extended-sinnoh,21
64,updated-johto,90
64,conquest-gallery,128
64,kalos-central,103
64,updated-hoenn,41
65,national,65
65,kanto,65
65,original-johto,91
65,hoenn,41
65,original-sinnoh,22
65,extended-sinnoh,22
65,updated-johto,91
65,conquest-gallery,129
65,kalos-central,104
65,updated-hoenn,42
66,national,66
66,kanto,66
66,original-johto,140
66,hoenn,73
66,original-sinnoh,40
66,extended-sinnoh,40
66,updated-johto,142
66,conquest-gallery,98
66,kalos-coastal,57
66,updated-hoenn,75
67,national,67
67,kanto,67
67,original-johto,141
67,hoenn,74
67,original-sinnoh,41
67,extended-sinnoh,41
67,updated-johto,143
67,conquest-gallery,99
67,kalos-coastal,58
67,updated-hoenn,76
68,national,68
68,kanto,68
68,original-johto,142
68,hoenn,75
68,original-sinnoh,42
68,extended-sinnoh,42
68,updated-johto,144
68,conquest-gallery,100
68,kalos-coastal,59
68,updated-hoenn,77
69,national,69
69,kanto,69
69,original-johto,64
69,updated-johto,64
69,kalos-mountain,26
70,national,70
70,kanto,70
70,original-johto,65
70,updated-johto,65
70,kalos-mountain,27
71,national,71
71,kanto,71
71,original-johto,66
71,updated-johto,66
71,kalos-mountain,28
72,national,72
72,kanto,72
72,original-johto,162
72,hoenn,66
72,original-sinnoh,136
72,extended-sinnoh,136
72,updated-johto,164
72,kalos-coastal,25
72,updated-hoenn,68
73,national,73
73,kanto,73
73,original-johto,163
73,hoenn,67
73,original-sinnoh,137
73,extended-sinnoh,137
73,updated-johto,165
73,kalos-coastal,26
73,updated-hoenn,69
74,national,74
74,kanto,74
74,original-johto,34
74,hoenn,57
74,original-sinnoh,31
74,extended-sinnoh,31
74,updated-johto,34
74,kalos-mountain,9
74,updated-hoenn,58
75,national,75
75,kanto,75
75,original-johto,35
75,hoenn,58
75,original-sinnoh,32
75,extended-sinnoh,32
75,updated-johto,35
75,kalos-mountain,10
75,updated-hoenn,59
76,national,76
76,kanto,76
76,original-johto,36
76,hoenn,59
76,original-sinnoh,33
76,extended-sinnoh,33
76,updated-johto,36
76,kalos-mountain,11
76,updated-hoenn,60
77,national,77
77,kanto,77
77,original-johto,201
77,original-sinnoh,90
77,extended-sinnoh,90
77,updated-johto,206
78,national,78
78,kanto,78
78,original-johto,202
78,original-sinnoh,91
78,extended-sinnoh,91
78,updated-johto,207
79,national,79
79,kanto,79
79,original-johto,80
79,updated-johto,80
79,kalos-coastal,133
80,national,80
80,kanto,80
80,original-johto,81
80,updated-johto,81
80,kalos-coastal,134
81,national,81
81,kanto,81
81,original-johto,118
81,hoenn,82
81,extended-sinnoh,178
81,updated-johto,119
81,updated-unova,48
81,kalos-mountain,69
81,updated-hoenn,84
82,national,82
82,kanto,82
82,original-johto,119
82,hoenn,83
82,extended-sinnoh,179
82,updated-johto,120
82,updated-unova,49
82,kalos-mountain,70
82,updated-hoenn,85
83,national,83
83,kanto,83
83,original-johto,158
83,updated-johto,160
83,kalos-central,61
84,national,84
84,kanto,84
84,original-johto,199
84,hoenn,92
84,updated-johto,204
84,kalos-central,94
84,updated-hoenn,95
85,national,85
85,kanto,85
85,original-johto,200
85,hoenn,93
85,updated-johto,205
85,kalos-central,95
85,updated-hoenn,96
86,national,86
86,kanto,86
86,original-johto,176
86,updated-johto,178
86,updated-unova,265
87,national,87
87,kanto,87
87,original-johto,177
87,updated-johto,179
87,updated-unova,266
88,national,88
88,kanto,88
88,original-johto,116
88,hoenn,106
88,updated-johto,117
88,updated-unova,64
88,updated-hoenn,111
89,national,89
89,kanto,89
89,original-johto,117
89,hoenn,107
89,updated-johto,118
89,updated-unova,65
89,updated-hoenn,112
90,national,90
90,kanto,90
90,original-johto,169
90,updated-johto,171
90,kalos-coastal,36
91,national,91
91,kanto,91
91,original-johto,170
91,updated-johto,172
91,kalos-coastal,37
92,national,92
92,kanto,92
92,original-johto,58
92,original-sinnoh,69
92,extended-sinnoh,69
92,updated-johto,58
92,conquest-gallery,112
92,kalos-mountain,30
93,national,93
93,kanto,93
93,original-johto,59
93,original-sinnoh,70
93,extended-sinnoh,70
93,updated-johto,59
93,conquest-gallery,113
93,kalos-mountain,31
94,national,94
94,kanto,94
94,original-johto,60
94,original-sinnoh,71
94,extended-sinnoh,71
94,updated-johto,60
94,conquest-gallery,114
94,kalos-mountain,32
95,national,95
95,kanto,95
95,original-johto,62
95,original-sinnoh,34
95,extended-sinnoh,34
95,updated-johto,62
95,updated-unova,71
95,conquest-gallery,175
95,kalos-coastal,53
96,national,96
96,kanto,96
96,original-johto,87
96,updated-johto,87
97,national,97
97,kanto,97
97,original-johto,88
97,updated-johto,88
98,national,98
98,kanto,98
98,original-johto,164
98,updated-johto,166
99,national,99
99,kanto,99
99,original-johto,165
99,updated-johto,167
100,national,100
100,kanto,100
100,original-johto,120
100,hoenn,84
100,updated-johto,121
100,kalos-mountain,72
100,updated-hoenn,87
101,national,101
101,kanto,101
101,original-johto,121
101,hoenn,85
101,updated-johto,122
101,kalos-mountain,73
101,updated-hoenn,88
102,national,102
102,kanto,102
102,original-johto,104
102,updated-johto,105
102,kalos-coastal,136
103,national,103
103,kanto,103
103,original-johto,105
103,updated-johto,106
103,kalos-coastal,137
104,national,104
104,kanto,104
104,original-johto,203
104,updated-johto,208
104,kalos-coastal,60
105,national,105
105,kanto,105
105,original-johto,204
105,updated-johto,209
105,kalos-coastal,61
106,national,106
106,kanto,106
106,original-johto,144
106,updated-johto,146
107,national,107
107,kanto,107
107,original-johto,145
107,updated-johto,147
108,national,108
108,kanto,108
108,original-johto,178
108,extended-sinnoh,161
108,updated-johto,180
108,updated-unova,284
108,kalos-mountain,134
109,national,109
109,kanto,109
109,original-johto,114
109,hoenn,108
109,updated-johto,115
109,updated-unova,46
109,updated-hoenn,113
110,national,110
110,kanto,110
110,original-johto,115
110,hoenn,109
110,updated-johto,116
110,updated-unova,47
110,updated-hoenn,114
111,national,111
111,kanto,111
111,original-johto,206
111,hoenn,169
111,extended-sinnoh,186
111,updated-johto,211
111,conquest-gallery,160
111,kalos-coastal,50
111,updated-hoenn,176
112,national,112
112,kanto,112
112,original-johto,207
112,hoenn,170
112,extended-sinnoh,187
112,updated-johto,212
112,conquest-gallery,161
112,kalos-coastal,51
112,updated-hoenn,177
113,national,113
113,kanto,113
113,original-johto,217
113,original-sinnoh,97
113,extended-sinnoh,97
113,updated-johto,222
114,national,114
114,kanto,114
114,original-johto,179
114,extended-sinnoh,181
114,updated-johto,182
114,updated-unova,217
115,national,115
115,kanto,115
115,original-johto,205
115,updated-johto,210
115,kalos-coastal,62
116,national,116
116,kanto,116
116,original-johto,186
116,hoenn,184
116,updated-johto,190
116,kalos-coastal,39
116,updated-hoenn,193
117,national,117
117,kanto,117
117,original-johto,187
117,hoenn,185
117,updated-johto,191
117,kalos-coastal,40
117,updated-hoenn,194
118,national,118
118,kanto,118
118,original-johto,78
118,hoenn,50
118,original-sinnoh,78
118,extended-sinnoh,78
118,updated-johto,78
118,kalos-central,53
118,updated-hoenn,51
119,national,119
119,kanto,119
119,original-johto,79
119,hoenn,51
119,original-sinnoh,79
119,extended-sinnoh,79
119,updated-johto,79
119,kalos-central,54
119,updated-hoenn,52
120,national,120
120,kanto,120
120,original-johto,167
120,hoenn,143
120,updated-johto,169
120,updated-unova,238
120,kalos-coastal,34
120,updated-hoenn,148
121,national,121
121,kanto,121
121,original-johto,168
121,hoenn,144
121,updated-johto,170
121,updated-unova,239
121,kalos-coastal,35
121,updated-hoenn,149
122,national,122
122,kanto,122
122,original-johto,156
122,original-sinnoh,95
122,extended-sinnoh,95
122,updated-johto,158
122,kalos-coastal,114
123,national,123
123,kanto,123
123,original-johto,110
123,extended-sinnoh,195
123,updated-johto,111
123,conquest-gallery,188
123,kalos-mountain,136
124,national,124
124,kanto,124
124,original-johto,153
124,updated-johto,155
124,kalos-mountain,84
125,national,125
125,kanto,125
125,original-johto,155
125,extended-sinnoh,198
125,updated-johto,157
125,updated-unova,57
126,national,126
126,kanto,126
126,original-johto,151
126,extended-sinnoh,201
126,updated-johto,153
126,updated-unova,54
127,national,127
127,kanto,127
127,original-johto,112
127,hoenn,167
127,updated-johto,113
127,updated-unova,146
127,kalos-coastal,130
127,updated-hoenn,174
128,national,128
128,kanto,128
128,original-johto,148
128,updated-johto,150
128,kalos-coastal,125
129,national,129
129,kanto,129
129,original-johto,76
129,hoenn,52
129,original-sinnoh,23
129,extended-sinnoh,23
129,updated-johto,76
129,conquest-gallery,13
129,kalos-central,49
129,updated-hoenn,53
130,national,130
130,kanto,130
130,original-johto,77
130,hoenn,53
130,original-sinnoh,24
130,extended-sinnoh,24
130,updated-johto,77
130,conquest-gallery,14
130,kalos-central,50
130,updated-hoenn,54
131,national,131
131,kanto,131
131,original-johto,219
131,updated-johto,224
131,updated-unova,242
131,conquest-gallery,190
131,kalos-coastal,150
132,national,132
132,kanto,132
132,original-johto,92
132,updated-johto,92
132,updated-unova,261
132,kalos-mountain,138
133,national,133
133,kanto,133
133,original-johto,180
133,extended-sinnoh,163
133,updated-johto,184
133,updated-unova,91
133,conquest-gallery,1
133,kalos-coastal,77
134,national,134
134,kanto,134
134,original-johto,181
134,extended-sinnoh,164
134,updated-johto,185
134,updated-unova,92
134,conquest-gallery,2
134,kalos-coastal,78
135,national,135
135,kanto,135
135,original-johto,182
135,extended-sinnoh,165
135,updated-johto,186
135,updated-unova,93
135,conquest-gallery,3
135,kalos-coastal,79
136,national,136
136,kanto,136
136,original-johto,183
136,extended-sinnoh,166
136,updated-johto,187
136,updated-unova,94
136,conquest-gallery,4
136,kalos-coastal,80
137,national,137
137,kanto,137
137,original-johto,215
137,extended-sinnoh,192
137,updated-johto,220
138,national,138
138,kanto,138
138,original-johto,220
138,updated-johto,225
139,national,139
139,kanto,139
139,original-johto,221
139,updated-johto,226
140,national,140
140,kanto,140
140,original-johto,222
140,updated-johto,227
141,national,141
141,kanto,141
141,original-johto,223
141,updated-johto,228
142,national,142
142,kanto,142
142,original-johto,224
142,updated-johto,229
142,kalos-coastal,68
143,national,143
143,kanto,143
143,original-johto,225
143,original-sinnoh,113
143,extended-sinnoh,113
143,updated-johto,230
143,conquest-gallery,179
143,kalos-central,139
144,national,144
144,kanto,144
144,original-johto,235
144,updated-johto,240
144,conquest-gallery,192
144,kalos-coastal,151
145,national,145
145,kanto,145
145,original-johto,236
145,updated-johto,241
145,kalos-coastal,152
146,national,146
146,kanto,146
146,original-johto,237
146,updated-johto,242
146,kalos-coastal,153
147,national,147
147,kanto,147
147,original-johto,241
147,updated-johto,246
147,conquest-gallery,76
147,kalos-mountain,145
148,national,148
148,kanto,148
148,original-johto,242
148,updated-johto,247
148,conquest-gallery,77
148,kalos-mountain,146
149,national,149
149,kanto,149
149,original-johto,243
149,updated-johto,248
149,conquest-gallery,78
149,kalos-mountain,147
150,national,150
150,kanto,150
150,original-johto,249
150,updated-johto,254
150,conquest-gallery,196
150,kalos-mountain,151
151,national,151
151,kanto,151
151,original-johto,250
151,updated-johto,255
152,national,152
152,original-johto,1
152,updated-johto,1
153,national,153
153,original-johto,2
153,updated-johto,2
154,national,154
154,original-johto,3
154,updated-johto,3
155,national,155
155,original-johto,4
155,updated-johto,4
156,national,156
156,original-johto,5
156,updated-johto,5
157,national,157
157,original-johto,6
157,updated-johto,6
158,national,158
158,original-johto,7
158,updated-johto,7
159,national,159
159,original-johto,8
159,updated-johto,8
160,national,160
160,original-johto,9
160,updated-johto,9
161,national,161
161,original-johto,19
161,updated-johto,19
161,kalos-central,109
162,national,162
162,original-johto,20
162,updated-johto,20
162,kalos-central,110
163,national,163
163,original-johto,15
163,original-sinnoh,106
163,extended-sinnoh,106
163,updated-johto,15
163,kalos-mountain,117
164,national,164
164,original-johto,16
164,original-sinnoh,107
164,extended-sinnoh,107
164,updated-johto,16
164,kalos-mountain,118
165,national,165
165,original-johto,30
165,updated-johto,30
165,kalos-central,74
166,national,166
166,original-johto,31
166,updated-johto,31
166,kalos-central,75
167,national,167
167,original-johto,32
167,updated-johto,32
167,kalos-mountain,107
168,national,168
168,original-johto,33
168,updated-johto,33
168,kalos-mountain,108
169,national,169
169,original-johto,39
169,hoenn,65
169,original-sinnoh,30
169,extended-sinnoh,30
169,updated-johto,39
169,updated-unova,63
169,conquest-gallery,25
169,kalos-central,147
169,updated-hoenn,67
170,national,170
170,original-johto,174
170,hoenn,181
170,updated-johto,176
170,kalos-coastal,147
170,updated-hoenn,190
171,national,171
171,original-johto,175
171,hoenn,182
171,updated-johto,177
171,kalos-coastal,148
171,updated-hoenn,191
172,national,172
172,original-johto,21
172,hoenn,155
172,original-sinnoh,103
172,extended-sinnoh,103
172,updated-johto,21
172,conquest-gallery,15
172,kalos-central,35
172,updated-hoenn,162
173,national,173
173,original-johto,40
173,original-sinnoh,99
173,extended-sinnoh,99
173,updated-johto,40
173,updated-unova,88
174,national,174
174,original-johto,43
174,hoenn,137
174,updated-johto,43
174,updated-unova,281
174,conquest-gallery,20
174,kalos-mountain,119
174,updated-hoenn,142
175,national,175
175,original-johto,46
175,extended-sinnoh,173
175,updated-johto,46
176,national,176
176,original-johto,47
176,extended-sinnoh,174
176,updated-johto,47
177,national,177
177,original-johto,159
177,hoenn,162
177,updated-johto,161
177,updated-hoenn,169
178,national,178
178,original-johto,160
178,hoenn,163
178,updated-johto,162
178,updated-hoenn,170
179,national,179
179,original-johto,53
179,updated-johto,53
179,updated-unova,25
179,conquest-gallery,45
179,kalos-coastal,127
180,national,180
180,original-johto,54
180,updated-johto,54
180,updated-unova,26
180,conquest-gallery,46
180,kalos-coastal,128
181,national,181
181,original-johto,55
181,updated-johto,55
181,updated-unova,27
181,conquest-gallery,47
181,kalos-coastal,129
182,national,182
182,original-johto,86
182,hoenn,91
182,updated-johto,86
182,kalos-central,108
182,updated-hoenn,94
183,national,183
183,original-johto,130
183,hoenn,55
183,original-sinnoh,125
183,extended-sinnoh,125
183,updated-johto,132
183,updated-unova,31
183,kalos-central,42
183,updated-hoenn,56
184,national,184
184,original-johto,131
184,hoenn,56
184,original-sinnoh,126
184,extended-sinnoh,126
184,updated-johto,133
184,updated-unova,32
184,kalos-central,43
184,updated-hoenn,57
185,national,185
185,original-johto,106
185,original-sinnoh,93
185,extended-sinnoh,93
185,updated-johto,107
185,kalos-mountain,130
186,national,186
186,original-johto,75
186,updated-johto,75
186,kalos-mountain,36
187,national,187
187,original-johto,67
187,updated-johto,67
187,kalos-central,135
188,national,188
188,original-johto,68
188,updated-johto,68
188,kalos-central,136
189,national,189
189,original-johto,69
189,updated-johto,69
189,kalos-central,137
190,national,190
190,original-johto,122
190,original-sinnoh,63
190,extended-sinnoh,63
190,updated-johto,123
191,national,191
191,original-johto,102
191,updated-johto,103
191,updated-unova,20
192,national,192
192,original-johto,103
192,updated-johto,104
192,updated-unova,21
193,national,193
193,original-johto,101
193,extended-sinnoh,183
193,updated-johto,101
193,updated-unova,286
193,kalos-coastal,87
194,national,194
194,original-johto,56
194,original-sinnoh,117
194,extended-sinnoh,117
194,updated-johto,56
194,conquest-gallery,18
194,kalos-mountain,17
195,national,195
195,original-johto,57
195,original-sinnoh,118
195,extended-sinnoh,118
195,updated-johto,57
195,conquest-gallery,19
195,kalos-mountain,18
196,national,196
196,original-johto,184
196,extended-sinnoh,167
196,updated-johto,188
196,updated-unova,95
196,conquest-gallery,5
196,kalos-coastal,81
197,national,197
197,original-johto,185
197,extended-sinnoh,168
197,updated-johto,189
197,updated-unova,96
197,conquest-gallery,6
197,kalos-coastal,82
198,national,198
198,original-johto,208
198,original-sinnoh,74
198,extended-sinnoh,74
198,updated-johto,213
198,kalos-mountain,51
199,national,199
199,original-johto,82
199,updated-johto,82
199,kalos-coastal,135
200,national,200
200,original-johto,214
200,original-sinnoh,72
200,extended-sinnoh,72
200,updated-johto,219
200,conquest-gallery,183
201,national,201
201,original-johto,61
201,original-sinnoh,114
201,extended-sinnoh,114
201,updated-johto,61
202,national,202
202,original-johto,107
202,hoenn,161
202,updated-johto,108
202,kalos-coastal,119
202,updated-hoenn,168
203,national,203
203,original-johto,147
203,hoenn,164
203,original-sinnoh,121
203,extended-sinnoh,121
203,updated-johto,149
203,updated-hoenn,171
204,national,204
204,original-johto,93
204,updated-johto,93
204,conquest-gallery,56
205,national,205
205,original-johto,94
205,updated-johto,94
205,conquest-gallery,57
206,national,206
206,original-johto,52
206,updated-johto,52
206,updated-unova,35
206,kalos-central,40
207,national,207
207,original-johto,189
207,extended-sinnoh,153
207,updated-johto,193
207,updated-unova,221
207,kalos-mountain,115
208,national,208
208,original-johto,63
208,original-sinnoh,35
208,extended-sinnoh,35
208,updated-johto,63
208,updated-unova,72
208,conquest-gallery,176
208,kalos-coastal,54
209,national,209
209,original-johto,123
209,updated-johto,125
209,kalos-coastal,71
210,national,210
210,original-johto,124
210,updated-johto,126
210,kalos-coastal,72
211,national,211
211,original-johto,161
211,updated-johto,163
211,kalos-coastal,38
212,national,212
212,original-johto,111
212,extended-sinnoh,196
212,updated-johto,112
212,conquest-gallery,189
212,kalos-mountain,137
213,national,213
213,original-johto,166
213,updated-johto,168
213,updated-unova,232
213,kalos-mountain,14
214,national,214
214,original-johto,113
214,hoenn,168
214,original-sinnoh,62
214,extended-sinnoh,62
214,updated-johto,114
214,updated-unova,145
214,kalos-coastal,131
214,updated-hoenn,175
215,national,215
215,original-johto,213
215,original-sinnoh,144
215,extended-sinnoh,144
215,updated-johto,218
215,updated-unova,252
215,conquest-gallery,181
215,kalos-mountain,91
216,national,216
216,original-johto,193
216,updated-johto,198
216,kalos-mountain,132
217,national,217
217,original-johto,194
217,updated-johto,199
217,kalos-mountain,133
218,national,218
218,original-johto,211
218,hoenn,103
218,updated-johto,216
218,kalos-mountain,12
218,updated-hoenn,108
219,national,219
219,original-johto,212
219,hoenn,104
219,updated-johto,217
219,kalos-mountain,13
219,updated-hoenn,109
220,national,220
220,original-johto,191
220,extended-sinnoh,203
220,updated-johto,195
220,updated-unova,258
220,kalos-mountain,76
221,national,221
221,original-johto,192
221,extended-sinnoh,204
221,updated-johto,196
221,updated-unova,259
221,kalos-mountain,77
222,national,222
222,original-johto,171
222,hoenn,180
222,updated-johto,173
222,updated-unova,237
222,kalos-coastal,146
222,updated-hoenn,189
223,national,223
223,original-johto,172
223,original-sinnoh,132
223,extended-sinnoh,132
223,updated-johto,174
223,updated-unova,235
223,kalos-coastal,144
224,national,224
224,original-johto,173
224,original-sinnoh,133
224,extended-sinnoh,133
224,updated-johto,175
224,updated-unova,236
224,kalos-coastal,145
225,national,225
225,original-johto,190
225,updated-johto,194
225,updated-unova,254
225,kalos-mountain,90
226,national,226
226,original-johto,197
226,original-sinnoh,141
226,extended-sinnoh,141
226,updated-johto,202
226,updated-unova,234
226,kalos-coastal,140
227,national,227
227,original-johto,198
227,hoenn,115
227,updated-johto,203
227,updated-unova,203
227,kalos-mountain,112
227,updated-hoenn,120
228,national,228
228,original-johto,209
228,extended-sinnoh,176
228,updated-johto,214
228,kalos-coastal,75
229,national,229
229,original-johto,210
229,extended-sinnoh,177
229,updated-johto,215
229,kalos-coastal,76
230,national,230
230,original-johto,188
230,hoenn,186
230,updated-johto,192
230,kalos-coastal,41
230,updated-hoenn,195
231,national,231
231,original-johto,195
231,hoenn,165
231,updated-johto,200
231,updated-hoenn,172
232,national,232
232,original-johto,196
232,hoenn,166
232,updated-johto,201
232,updated-hoenn,173
233,national,233
233,original-johto,216
233,extended-sinnoh,193
233,updated-johto,221
234,national,234
234,original-johto,129
234,updated-johto,131
235,national,235
235,original-johto,157
235,updated-johto,159
235,kalos-central,124
236,national,236
236,original-johto,143
236,updated-johto,145
237,national,237
237,original-johto,146
237,updated-johto,148
238,national,238
238,original-johto,152
238,updated-johto,154
238,kalos-mountain,83
239,national,239
239,original-johto,154
239,extended-sinnoh,197
239,updated-johto,156
239,updated-unova,56
240,national,240
240,original-johto,150
240,extended-sinnoh,200
240,updated-johto,152
240,updated-unova,53
241,national,241
241,original-johto,149
241,updated-johto,151
241,kalos-coastal,126
242,national,242
242,original-johto,218
242,original-sinnoh,98
242,extended-sinnoh,98
242,updated-johto,223
243,national,243
243,original-johto,238
243,updated-johto,243
244,national,244
244,original-johto,239
244,updated-johto,244
245,national,245
245,original-johto,240
245,updated-johto,245
246,national,246
246,original-johto,244
246,updated-johto,249
246,updated-unova,292
246,conquest-gallery,79
246,kalos-mountain,102
247,national,247
247,original-johto,245
247,updated-johto,250
247,updated-unova,293
247,conquest-gallery,80
247,kalos-mountain,103
248,national,248
248,original-johto,246
248,updated-johto,251
248,updated-unova,294
248,conquest-gallery,81
248,kalos-mountain,104
249,national,249
249,original-johto,247
249,updated-johto,252
250,national,250
250,original-johto,248
250,updated-johto,253
251,national,251
251,original-johto,251
251,updated-johto,256
252,national,252
252,hoenn,1
252,conquest-gallery,130
252,updated-hoenn,1
253,national,253
253,hoenn,2
253,conquest-gallery,131
253,updated-hoenn,2
254,national,254
254,hoenn,3
254,conquest-gallery,132
254,updated-hoenn,3
255,national,255
255,hoenn,4
255,updated-hoenn,4
256,national,256
256,hoenn,5
256,updated-hoenn,5
257,national,257
257,hoenn,6
257,updated-hoenn,6
258,national,258
258,hoenn,7
258,updated-hoenn,7
259,national,259
259,hoenn,8
259,updated-hoenn,8
260,national,260
260,hoenn,9
260,updated-hoenn,9
261,national,261
261,hoenn,10
261,kalos-mountain,44
261,updated-hoenn,10
262,national,262
262,hoenn,11
262,kalos-mountain,45
262,updated-hoenn,11
263,national,263
263,hoenn,12
263,kalos-central,12
263,updated-hoenn,12
264,national,264
264,hoenn,13
264,kalos-central,13
264,updated-hoenn,13
265,national,265
265,hoenn,14
265,original-sinnoh,48
265,extended-sinnoh,48
265,updated-hoenn,14
266,national,266
266,hoenn,15
266,original-sinnoh,49
266,extended-sinnoh,49
266,updated-hoenn,15
267,national,267
267,hoenn,16
267,original-sinnoh,50
267,extended-sinnoh,50
267,updated-hoenn,16
268,national,268
268,hoenn,17
268,original-sinnoh,51
268,extended-sinnoh,51
268,updated-hoenn,17
269,national,269
269,hoenn,18
269,original-sinnoh,52
269,extended-sinnoh,52
269,updated-hoenn,18
270,national,270
270,hoenn,19
270,kalos-mountain,55
270,updated-hoenn,19
271,national,271
271,hoenn,20
271,kalos-mountain,56
271,updated-hoenn,20
272,national,272
272,hoenn,21
272,kalos-mountain,57
272,updated-hoenn,21
273,national,273
273,hoenn,22
273,updated-hoenn,22
274,national,274
274,hoenn,23
274,updated-hoenn,23
275,national,275
275,hoenn,24
275,updated-hoenn,24
276,national,276
276,hoenn,25
276,kalos-coastal,19
276,updated-hoenn,25
277,national,277
277,hoenn,26
277,kalos-coastal,20
277,updated-hoenn,26
278,national,278
278,hoenn,27
278,original-sinnoh,119
278,extended-sinnoh,119
278,updated-unova,212
278,kalos-coastal,17
278,updated-hoenn,27
279,national,279
279,hoenn,28
279,original-sinnoh,120
279,extended-sinnoh,120
279,updated-unova,213
279,kalos-coastal,18
279,updated-hoenn,28
280,national,280
280,hoenn,29
280,extended-sinnoh,157
280,conquest-gallery,9
280,kalos-central,64
280,updated-hoenn,29
281,national,281
281,hoenn,30
281,extended-sinnoh,158
281,conquest-gallery,10
281,kalos-central,65
281,updated-hoenn,30
282,national,282
282,hoenn,31
282,extended-sinnoh,159
282,conquest-gallery,11
282,kalos-central,66
282,updated-hoenn,31
283,national,283
283,hoenn,32
283,kalos-central,47
283,updated-hoenn,33
284,national,284
284,hoenn,33
284,kalos-central,48
284,updated-hoenn,34
285,national,285
285,hoenn,34
285,updated-hoenn,35
286,national,286
286,hoenn,35
286,updated-hoenn,36
287,national,287
287,hoenn,36
287,updated-unova,276
287,updated-hoenn,37
288,national,288
288,hoenn,37
288,updated-unova,277
288,updated-hoenn,38
289,national,289
289,hoenn,38
289,updated-unova,278
289,updated-hoenn,39
290,national,290
290,hoenn,42
290,kalos-central,111
290,updated-hoenn,43
291,national,291
291,hoenn,43
291,kalos-central,112
291,updated-hoenn,44
292,national,292
292,hoenn,44
292,kalos-central,113
292,updated-hoenn,45
293,national,293
293,hoenn,45
293,kalos-central,140
293,updated-hoenn,46
294,national,294
294,hoenn,46
294,kalos-central,141
294,updated-hoenn,47
295,national,295
295,hoenn,47
295,kalos-central,142
295,updated-hoenn,48
296,national,296
296,hoenn,48
296,kalos-coastal,95
296,updated-hoenn,49
297,national,297
297,hoenn,49
297,kalos-coastal,96
297,updated-hoenn,50
298,national,298
298,hoenn,54
298,original-sinnoh,124
298,extended-sinnoh,124
298,updated-unova,30
298,kalos-central,41
298,updated-hoenn,55
299,national,299
299,hoenn,60
299,extended-sinnoh,155
299,updated-unova,164
299,kalos-coastal,93
299,updated-hoenn,61
300,national,300
300,hoenn,61
300,updated-unova,78
300,kalos-central,78
300,updated-hoenn,63
301,national,301
301,hoenn,62
301,updated-unova,79
301,kalos-central,79
301,updated-hoenn,64
302,national,302
302,hoenn,68
302,kalos-coastal,123
302,updated-hoenn,70
303,national,303
303,hoenn,69
303,kalos-coastal,63
303,updated-hoenn,71
304,national,304
304,hoenn,70
304,updated-unova,166
304,conquest-gallery,149
304,kalos-mountain,99
304,updated-hoenn,72
305,national,305
305,hoenn,71
305,updated-unova,167
305,conquest-gallery,150
305,kalos-mountain,100
305,updated-hoenn,73
306,national,306
306,hoenn,72
306,updated-unova,168
306,conquest-gallery,151
306,kalos-mountain,101
306,updated-hoenn,74
307,national,307
307,hoenn,76
307,original-sinnoh,86
307,extended-sinnoh,86
307,kalos-central,143
307,updated-hoenn,78
308,national,308
308,hoenn,77
308,original-sinnoh,87
308,extended-sinnoh,87
308,kalos-central,144
308,updated-hoenn,79
309,national,309
309,hoenn,78
309,kalos-coastal,73
309,updated-hoenn,80
310,national,310
310,hoenn,79
310,kalos-coastal,74
310,updated-hoenn,81
311,national,311
311,hoenn,80
311,kalos-central,96
311,updated-hoenn,82
312,national,312
312,hoenn,81
312,kalos-central,97
312,updated-hoenn,83
313,national,313
313,hoenn,86
313,kalos-central,133
313,updated-hoenn,89
314,national,314
314,hoenn,87
314,kalos-central,134
314,updated-hoenn,90
315,national,315
315,hoenn,94
315,original-sinnoh,26
315,extended-sinnoh,26
315,updated-unova,134
315,kalos-central,72
315,updated-hoenn,98
316,national,316
316,hoenn,95
316,kalos-central,98
316,updated-hoenn,100
317,national,317
317,hoenn,96
317,kalos-central,99
317,updated-hoenn,101
318,national,318
318,hoenn,97
318,kalos-central,55
318,updated-hoenn,102
319,national,319
319,hoenn,98
319,kalos-central,56
319,updated-hoenn,103
320,national,320
320,hoenn,99
320,updated-unova,240
320,kalos-coastal,27
320,updated-hoenn,104
321,national,321
321,hoenn,100
321,updated-unova,241
321,kalos-coastal,28
321,updated-hoenn,105
322,national,322
322,hoenn,101
322,updated-unova,204
322,updated-hoenn,106
323,national,323
323,hoenn,102
323,updated-unova,205
323,updated-hoenn,107
324,national,324
324,hoenn,105
324,kalos-mountain,96
324,updated-hoenn,110
325,national,325
325,hoenn,110
325,updated-unova,206
325,kalos-coastal,7
325,updated-hoenn,115
326,national,326
326,hoenn,111
326,updated-unova,207
326,kalos-coastal,8
326,updated-hoenn,116
327,national,327
327,hoenn,114
327,kalos-mountain,131
327,updated-hoenn,119
328,national,328
328,hoenn,116
328,updated-unova,121
328,kalos-mountain,3
328,updated-hoenn,121
329,national,329
329,hoenn,117
329,updated-unova,122
329,kalos-mountain,4
329,updated-hoenn,122
330,national,330
330,hoenn,118
330,updated-unova,123
330,kalos-mountain,5
330,updated-hoenn,123
331,national,331
331,hoenn,119
331,updated-hoenn,124
332,national,332
332,hoenn,120
332,updated-hoenn,125
333,national,333
333,hoenn,121
333,extended-sinnoh,171
333,updated-unova,246
333,kalos-mountain,139
333,updated-hoenn,126
334,national,334
334,hoenn,122
334,extended-sinnoh,172
334,updated-unova,247
334,kalos-mountain,140
334,updated-hoenn,127
335,national,335
335,hoenn,123
335,updated-unova,186
335,kalos-coastal,5
335,updated-hoenn,128
336,national,336
336,hoenn,124
336,updated-unova,187
336,kalos-coastal,6
336,updated-hoenn,129
337,national,337
337,hoenn,125
337,updated-unova,214
337,kalos-coastal,12
337,updated-hoenn,130
338,national,338
338,hoenn,126
338,updated-unova,215
338,kalos-coastal,13
338,updated-hoenn,131
339,national,339
339,hoenn,127
339,original-sinnoh,80
339,extended-sinnoh,80
339,kalos-mountain,40
339,updated-hoenn,132
340,national,340
340,hoenn,128
340,original-sinnoh,81
340,extended-sinnoh,81
340,kalos-mountain,41
340,updated-hoenn,133
341,national,341
341,hoenn,129
341,updated-unova,279
341,kalos-central,51
341,updated-hoenn,134
342,national,342
342,hoenn,130
342,updated-unova,280
342,kalos-central,52
342,updated-hoenn,135
343,national,343
343,hoenn,131
343,updated-unova,169
343,updated-hoenn,136
344,national,344
344,hoenn,132
344,updated-unova,170
344,updated-hoenn,137
345,national,345
345,hoenn,133
345,updated-hoenn,138
346,national,346
346,hoenn,134
346,updated-hoenn,139
347,national,347
347,hoenn,135
347,conquest-gallery,171
347,updated-hoenn,140
348,national,348
348,hoenn,136
348,conquest-gallery,172
348,updated-hoenn,141
349,national,349
349,hoenn,140
349,original-sinnoh,138
349,extended-sinnoh,138
349,updated-hoenn,145
350,national,350
350,hoenn,141
350,original-sinnoh,139
350,extended-sinnoh,139
350,updated-hoenn,146
351,national,351
351,hoenn,142
351,updated-unova,163
351,updated-hoenn,147
352,national,352
352,hoenn,145
352,kalos-central,116
352,updated-hoenn,150
353,national,353
353,hoenn,146
353,updated-unova,210
353,kalos-mountain,122
353,updated-hoenn,151
354,national,354
354,hoenn,147
354,updated-unova,211
354,kalos-mountain,123
354,updated-hoenn,152
355,national,355
355,hoenn,148
355,extended-sinnoh,189
355,conquest-gallery,69
355,updated-hoenn,153
356,national,356
356,hoenn,149
356,extended-sinnoh,190
356,conquest-gallery,70
356,updated-hoenn,154
357,national,357
357,hoenn,150
357,extended-sinnoh,185
357,updated-unova,288
357,updated-hoenn,156
358,national,358
358,hoenn,151
358,original-sinnoh,83
358,extended-sinnoh,83
358,conquest-gallery,53
358,kalos-coastal,112
358,updated-hoenn,158
359,national,359
359,hoenn,152
359,extended-sinnoh,209
359,updated-unova,216
359,kalos-coastal,9
359,updated-hoenn,159
360,national,360
360,hoenn,160
360,kalos-coastal,118
360,updated-hoenn,167
361,national,361
361,hoenn,171
361,extended-sinnoh,206
361,conquest-gallery,93
361,updated-hoenn,179
362,national,362
362,hoenn,172
362,extended-sinnoh,207
362,conquest-gallery,94
362,updated-hoenn,180
363,national,363
363,hoenn,173
363,updated-unova,243
363,conquest-gallery,60
363,updated-hoenn,182
364,national,364
364,hoenn,174
364,updated-unova,244
364,conquest-gallery,61
364,updated-hoenn,183
365,national,365
365,hoenn,175
365,updated-unova,245
365,conquest-gallery,62
365,updated-hoenn,184
366,national,366
366,hoenn,176
366,kalos-coastal,141
366,updated-hoenn,185
367,national,367
367,hoenn,177
367,kalos-coastal,142
367,updated-hoenn,186
368,national,368
368,hoenn,178
368,kalos-coastal,143
368,updated-hoenn,187
369,national,369
369,hoenn,179
369,kalos-coastal,42
369,updated-hoenn,188
370,national,370
370,hoenn,183
370,kalos-coastal,29
370,updated-hoenn,192
371,national,371
371,hoenn,187
371,kalos-coastal,14
371,updated-hoenn,196
372,national,372
372,hoenn,188
372,kalos-coastal,15
372,updated-hoenn,197
373,national,373
373,hoenn,189
373,kalos-coastal,16
373,updated-hoenn,198
374,national,374
374,hoenn,190
374,updated-unova,262
374,conquest-gallery,82
374,updated-hoenn,199
375,national,375
375,hoenn,191
375,updated-unova,263
375,conquest-gallery,83
375,updated-hoenn,200
376,national,376
376,hoenn,192
376,updated-unova,264
376,conquest-gallery,84
376,updated-hoenn,201
377,national,377
377,hoenn,193
377,updated-hoenn,202
378,national,378
378,hoenn,194
378,updated-hoenn,203
379,national,379
379,hoenn,195
379,conquest-gallery,193
379,updated-hoenn,204
380,national,380
380,hoenn,196
380,updated-hoenn,205
381,national,381
381,hoenn,197
381,updated-hoenn,206
382,national,382
382,hoenn,198
382,updated-hoenn,207
383,national,383
383,hoenn,199
383,conquest-gallery,194
383,updated-hoenn,208
384,national,384
384,hoenn,200
384,conquest-gallery,200
384,updated-hoenn,209
385,national,385
385,hoenn,201
385,updated-hoenn,210
386,national,386
386,hoenn,202
386,updated-hoenn,211
387,national,387
387,original-sinnoh,1
387,extended-sinnoh,1
388,national,388
388,original-sinnoh,2
388,extended-sinnoh,2
389,national,389
389,original-sinnoh,3
389,extended-sinnoh,3
390,national,390
390,original-sinnoh,4
390,extended-sinnoh,4
390,conquest-gallery,115
391,national,391
391,original-sinnoh,5
391,extended-sinnoh,5
391,conquest-gallery,116
392,national,392
392,original-sinnoh,6
392,extended-sinnoh,6
392,conquest-gallery,117
393,national,393
393,original-sinnoh,7
393,extended-sinnoh,7
393,conquest-gallery,133
394,national,394
394,original-sinnoh,8
394,extended-sinnoh,8
394,conquest-gallery,134
395,national,395
395,original-sinnoh,9
395,extended-sinnoh,9
395,conquest-gallery,135
396,national,396
396,original-sinnoh,10
396,extended-sinnoh,10
396,conquest-gallery,26
396,kalos-coastal,99
397,national,397
397,original-sinnoh,11
397,extended-sinnoh,11
397,conquest-gallery,27
397,kalos-coastal,100
398,national,398
398,original-sinnoh,12
398,extended-sinnoh,12
398,conquest-gallery,28
398,kalos-coastal,101
399,national,399
399,original-sinnoh,13
399,extended-sinnoh,13
399,conquest-gallery,29
399,kalos-central,38
400,national,400
400,original-sinnoh,14
400,extended-sinnoh,14
400,conquest-gallery,30
400,kalos-central,39
401,national,401
401,original-sinnoh,15
401,extended-sinnoh,15
402,national,402
402,original-sinnoh,16
402,extended-sinnoh,16
403,national,403
403,original-sinnoh,17
403,extended-sinnoh,17
403,conquest-gallery,34
404,national,404
404,original-sinnoh,18
404,extended-sinnoh,18
404,conquest-gallery,35
405,national,405
405,original-sinnoh,19
405,extended-sinnoh,19
405,conquest-gallery,36
406,national,406
406,original-sinnoh,25
406,extended-sinnoh,25
406,updated-unova,133
406,kalos-central,71
406,updated-hoenn,97
407,national,407
407,original-sinnoh,27
407,extended-sinnoh,27
407,updated-unova,135
407,kalos-central,72
407,updated-hoenn,99
408,national,408
408,original-sinnoh,36
408,extended-sinnoh,36
409,national,409
409,original-sinnoh,37
409,extended-sinnoh,37
410,national,410
410,original-sinnoh,38
410,extended-sinnoh,38
410,conquest-gallery,163
411,national,411
411,original-sinnoh,39
411,extended-sinnoh,39
411,conquest-gallery,164
412,national,412
412,original-sinnoh,45
412,extended-sinnoh,45
412,kalos-central,44
413,national,413
413,original-sinnoh,46
413,extended-sinnoh,46
413,kalos-central,45
414,national,414
414,original-sinnoh,47
414,extended-sinnoh,47
414,kalos-central,46
415,national,415
415,original-sinnoh,53
415,extended-sinnoh,53
415,updated-unova,142
415,kalos-central,76
416,national,416
416,original-sinnoh,54
416,extended-sinnoh,54
416,updated-unova,143
416,kalos-central,77
417,national,417
417,original-sinnoh,55
417,extended-sinnoh,55
417,kalos-coastal,132
418,national,418
418,original-sinnoh,56
418,extended-sinnoh,56
418,updated-unova,149
418,kalos-mountain,58
419,national,419
419,original-sinnoh,57
419,extended-sinnoh,57
419,updated-unova,150
419,kalos-mountain,59
420,national,420
420,original-sinnoh,58
420,extended-sinnoh,58
421,national,421
421,original-sinnoh,59
421,extended-sinnoh,59
422,national,422
422,original-sinnoh,60
422,extended-sinnoh,60
423,national,423
423,original-sinnoh,61
423,extended-sinnoh,61
424,national,424
424,original-sinnoh,64
424,extended-sinnoh,64
424,updated-johto,124
425,national,425
425,original-sinnoh,65
425,extended-sinnoh,65
425,updated-unova,208
425,conquest-gallery,167
425,kalos-coastal,1
426,national,426
426,original-sinnoh,66
426,extended-sinnoh,66
426,updated-unova,209
426,conquest-gallery,168
426,kalos-coastal,2
427,national,427
427,original-sinnoh,67
427,extended-sinnoh,67
427,updated-unova,80
428,national,428
428,original-sinnoh,68
428,extended-sinnoh,68
428,updated-unova,81
429,national,429
429,original-sinnoh,73
429,extended-sinnoh,73
429,conquest-gallery,184
430,national,430
430,original-sinnoh,75
430,extended-sinnoh,75
430,kalos-mountain,52
431,national,431
431,original-sinnoh,76
431,extended-sinnoh,76
432,national,432
432,original-sinnoh,77
432,extended-sinnoh,77
433,national,433
433,original-sinnoh,82
433,extended-sinnoh,82
433,conquest-gallery,52
433,kalos-coastal,111
433,updated-hoenn,157
434,national,434
434,original-sinnoh,84
434,extended-sinnoh,84
434,kalos-coastal,102
435,national,435
435,original-sinnoh,85
435,extended-sinnoh,85
435,kalos-coastal,103
436,national,436
436,original-sinnoh,88
436,extended-sinnoh,88
436,updated-unova,250
437,national,437
437,original-sinnoh,89
437,extended-sinnoh,89
437,updated-unova,251
438,national,438
438,original-sinnoh,92
438,extended-sinnoh,92
438,kalos-mountain,129
439,national,439
439,original-sinnoh,94
439,extended-sinnoh,94
439,kalos-coastal,113
440,national,440
440,original-sinnoh,96
440,extended-sinnoh,96
441,national,441
441,original-sinnoh,102
441,extended-sinnoh,102
441,kalos-coastal,138
442,national,442
442,original-sinnoh,108
442,extended-sinnoh,108
442,conquest-gallery,187
443,national,443
443,original-sinnoh,109
443,extended-sinnoh,109
443,conquest-gallery,85
443,kalos-mountain,6
444,national,444
444,original-sinnoh,110
444,extended-sinnoh,110
444,conquest-gallery,86
444,kalos-mountain,7
445,national,445
445,original-sinnoh,111
445,extended-sinnoh,111
445,conquest-gallery,87
445,kalos-mountain,8
446,national,446
446,original-sinnoh,112
446,extended-sinnoh,112
446,conquest-gallery,178
446,kalos-central,138
447,national,447
447,original-sinnoh,115
447,extended-sinnoh,115
447,updated-unova,33
447,conquest-gallery,50
447,kalos-central,62
448,national,448
448,original-sinnoh,116
448,extended-sinnoh,116
448,updated-unova,34
448,conquest-gallery,51
448,kalos-central,63
449,national,449
449,original-sinnoh,122
449,extended-sinnoh,122
449,kalos-coastal,48
450,national,450
450,original-sinnoh,123
450,extended-sinnoh,123
450,kalos-coastal,49
451,national,451
451,original-sinnoh,127
451,extended-sinnoh,127
451,updated-unova,201
451,conquest-gallery,156
451,kalos-mountain,15
452,national,452
452,original-sinnoh,128
452,extended-sinnoh,128
452,updated-unova,202
452,conquest-gallery,157
452,kalos-mountain,16
453,national,453
453,original-sinnoh,129
453,extended-sinnoh,129
453,updated-unova,290
453,conquest-gallery,88
453,kalos-central,125
454,national,454
454,original-sinnoh,130
454,extended-sinnoh,130
454,updated-unova,291
454,conquest-gallery,89
454,kalos-central,126
455,national,455
455,original-sinnoh,131
455,extended-sinnoh,131
455,updated-unova,289
455,conquest-gallery,186
455,kalos-mountain,29
456,national,456
456,original-sinnoh,134
456,extended-sinnoh,134
457,national,457
457,original-sinnoh,135
457,extended-sinnoh,135
458,national,458
458,original-sinnoh,140
458,extended-sinnoh,140
458,updated-unova,233
458,kalos-coastal,139
459,national,459
459,original-sinnoh,142
459,extended-sinnoh,142
459,kalos-mountain,88
460,national,460
460,original-sinnoh,143
460,extended-sinnoh,143
460,kalos-mountain,89
461,national,461
461,original-sinnoh,145
461,extended-sinnoh,145
461,updated-unova,253
461,conquest-gallery,182
461,kalos-mountain,92
462,national,462
462,extended-sinnoh,180
462,updated-unova,50
462,kalos-mountain,71
462,updated-hoenn,86
463,national,463
463,extended-sinnoh,162
463,updated-johto,181
463,updated-unova,285
463,kalos-mountain,135
464,national,464
464,extended-sinnoh,188
464,conquest-gallery,162
464,kalos-coastal,52
464,updated-hoenn,178
465,national,465
465,extended-sinnoh,182
465,updated-johto,183
465,updated-unova,218
466,national,466
466,extended-sinnoh,199
466,updated-unova,58
467,national,467
467,extended-sinnoh,202
467,updated-unova,55
468,national,468
468,extended-sinnoh,175
469,national,469
469,extended-sinnoh,184
469,updated-johto,102
469,updated-unova,287
469,kalos-coastal,88
470,national,470
470,extended-sinnoh,169
470,updated-unova,97
470,conquest-gallery,7
470,kalos-coastal,83
471,national,471
471,extended-sinnoh,170
471,updated-unova,98
471,conquest-gallery,8
471,kalos-coastal,84
472,national,472
472,extended-sinnoh,154
472,updated-unova,222
472,kalos-mountain,116
473,national,473
473,extended-sinnoh,205
473,updated-johto,197
473,updated-unova,260
473,kalos-mountain,78
474,national,474
474,extended-sinnoh,194
475,national,475
475,extended-sinnoh,160
475,conquest-gallery,12
475,kalos-central,67
475,updated-hoenn,32
476,national,476
476,extended-sinnoh,156
476,updated-unova,165
476,kalos-coastal,94
476,updated-hoenn,62
477,national,477
477,extended-sinnoh,191
477,conquest-gallery,71
477,updated-hoenn,155
478,national,478
478,extended-sinnoh,208
478,conquest-gallery,95
478,updated-hoenn,181
479,national,479
479,extended-sinnoh,152
479,kalos-mountain,68
480,national,480
480,original-sinnoh,146
480,extended-sinnoh,146
481,national,481
481,original-sinnoh,147
481,extended-sinnoh,147
482,national,482
482,original-sinnoh,148
482,extended-sinnoh,148
483,national,483
483,original-sinnoh,149
483,extended-sinnoh,149
483,conquest-gallery,195
484,national,484
484,original-sinnoh,150
484,extended-sinnoh,150
485,national,485
486,national,486
487,national,487
487,extended-sinnoh,210
488,national,488
489,national,489
490,national,490
490,original-sinnoh,151
490,extended-sinnoh,151
491,national,491
492,national,492
493,national,493
493,conquest-gallery,199
494,national,494
494,original-unova,0
494,updated-unova,0
495,national,495
495,original-unova,1
495,updated-unova,1
495,conquest-gallery,118
496,national,496
496,original-unova,2
496,updated-unova,2
496,conquest-gallery,119
497,national,497
497,original-unova,3
497,updated-unova,3
497,conquest-gallery,120
498,national,498
498,original-unova,4
498,updated-unova,4
498,conquest-gallery,121
499,national,499
499,original-unova,5
499,updated-unova,5
499,conquest-gallery,122
500,national,500
500,original-unova,6
500,updated-unova,6
500,conquest-gallery,123
501,national,501
501,original-unova,7
501,updated-unova,7
501,conquest-gallery,106
502,national,502
502,original-unova,8
502,updated-unova,8
502,conquest-gallery,107
503,national,503
503,original-unova,9
503,updated-unova,9
503,conquest-gallery,108
504,national,504
504,original-unova,10
504,updated-unova,10
504,kalos-mountain,46
505,national,505
505,original-unova,11
505,updated-unova,11
505,kalos-mountain,47
506,national,506
506,original-unova,12
506,updated-unova,22
507,national,507
507,original-unova,13
507,updated-unova,23
508,national,508
508,original-unova,14
508,updated-unova,24
509,national,509
509,original-unova,15
509,updated-unova,12
509,kalos-mountain,42
510,national,510
510,original-unova,16
510,updated-unova,13
510,kalos-mountain,43
511,national,511
511,original-unova,17
511,updated-unova,37
511,conquest-gallery,136
511,kalos-central,29
512,national,512
512,original-unova,18
512,updated-unova,38
512,conquest-gallery,137
512,kalos-central,30
513,national,513
513,original-unova,19
513,updated-unova,39
513,conquest-gallery,138
513,kalos-central,31
514,national,514
514,original-unova,20
514,updated-unova,40
514,conquest-gallery,139
514,kalos-central,32
515,national,515
515,original-unova,21
515,updated-unova,41
515,conquest-gallery,140
515,kalos-central,33
516,national,516
516,original-unova,22
516,updated-unova,42
516,conquest-gallery,141
516,kalos-central,34
517,national,517
517,original-unova,23
517,updated-unova,86
517,conquest-gallery,72
518,national,518
518,original-unova,24
518,updated-unova,87
518,conquest-gallery,73
519,national,519
519,original-unova,25
519,updated-unova,14
520,national,520
520,original-unova,26
520,updated-unova,15
521,national,521
521,original-unova,27
521,updated-unova,16
522,national,522
522,original-unova,28
522,updated-unova,147
522,conquest-gallery,74
523,national,523
523,original-unova,29
523,updated-unova,148
523,conquest-gallery,75
524,national,524
524,original-unova,30
524,updated-unova,68
524,conquest-gallery,40
524,kalos-coastal,120
525,national,525
525,original-unova,31
525,updated-unova,69
525,conquest-gallery,41
525,kalos-coastal,121
526,national,526
526,original-unova,32
526,updated-unova,70
526,conquest-gallery,42
526,kalos-coastal,122
527,national,527
527,original-unova,33
527,updated-unova,66
527,kalos-coastal,55
528,national,528
528,original-unova,34
528,updated-unova,67
528,kalos-coastal,56
529,national,529
529,original-unova,35
529,updated-unova,76
529,conquest-gallery,152
530,national,530
530,original-unova,36
530,updated-unova,77
530,conquest-gallery,153
531,national,531
531,original-unova,37
531,updated-unova,36
531,conquest-gallery,185
531,kalos-central,123
532,national,532
532,original-unova,38
532,updated-unova,73
532,conquest-gallery,101
532,kalos-mountain,93
533,national,533
533,original-unova,39
533,updated-unova,74
533,conquest-gallery,102
533,kalos-mountain,94
534,national,534
534,original-unova,40
534,updated-unova,75
534,conquest-gallery,103
534,kalos-mountain,95
535,national,535
535,original-unova,41
535,updated-unova,228
536,national,536
536,original-unova,42
536,updated-unova,229
537,national,537
537,original-unova,43
537,updated-unova,230
538,national,538
538,original-unova,44
538,updated-unova,267
538,kalos-coastal,97
539,national,539
539,original-unova,45
539,updated-unova,268
539,kalos-coastal,98
540,national,540
540,original-unova,46
540,updated-unova,17
540,conquest-gallery,124
541,national,541
541,original-unova,47
541,updated-unova,18
541,conquest-gallery,125
542,national,542
542,original-unova,48
542,updated-unova,19
542,conquest-gallery,126
543,national,543
543,original-unova,49
543,updated-unova,43
543,conquest-gallery,31
543,kalos-central,120
544,national,544
544,original-unova,50
544,updated-unova,44
544,conquest-gallery,32
544,kalos-central,121
545,national,545
545,original-unova,51
545,updated-unova,45
545,conquest-gallery,33
545,kalos-central,122
546,national,546
546,original-unova,52
546,updated-unova,82
546,conquest-gallery,48
547,national,547
547,original-unova,53
547,updated-unova,83
547,conquest-gallery,49
548,national,548
548,original-unova,54
548,updated-unova,84
548,conquest-gallery,43
549,national,549
549,original-unova,55
549,updated-unova,85
549,conquest-gallery,44
550,national,550
550,original-unova,56
550,updated-unova,104
550,kalos-mountain,60
551,national,551
551,original-unova,57
551,updated-unova,99
551,conquest-gallery,66
551,kalos-coastal,43
552,national,552
552,original-unova,58
552,updated-unova,100
552,conquest-gallery,67
552,kalos-coastal,44
553,national,553
553,original-unova,59
553,updated-unova,101
553,conquest-gallery,68
553,kalos-coastal,45
554,national,554
554,original-unova,60
554,updated-unova,102
554,conquest-gallery,142
555,national,555
555,original-unova,61
555,updated-unova,103
555,conquest-gallery,143
556,national,556
556,original-unova,62
556,updated-unova,119
557,national,557
557,original-unova,63
557,updated-unova,115
557,kalos-coastal,23
558,national,558
558,original-unova,64
558,updated-unova,116
558,kalos-coastal,24
559,national,559
559,original-unova,65
559,updated-unova,117
559,conquest-gallery,165
559,kalos-central,100
560,national,560
560,original-unova,66
560,updated-unova,118
560,conquest-gallery,166
560,kalos-central,101
561,national,561
561,original-unova,67
561,updated-unova,120
561,kalos-coastal,90
562,national,562
562,original-unova,68
562,updated-unova,124
563,national,563
563,original-unova,69
563,updated-unova,125
564,national,564
564,original-unova,70
564,updated-unova,126
565,national,565
565,original-unova,71
565,updated-unova,127
566,national,566
566,original-unova,72
566,updated-unova,128
567,national,567
567,original-unova,73
567,updated-unova,129
568,national,568
568,original-unova,74
568,updated-unova,105
568,kalos-mountain,74
569,national,569
569,original-unova,75
569,updated-unova,106
569,kalos-mountain,75
570,national,570
570,original-unova,76
570,updated-unova,151
570,conquest-gallery,154
570,kalos-mountain,124
571,national,571
571,original-unova,77
571,updated-unova,152
571,conquest-gallery,155
571,kalos-mountain,125
572,national,572
572,original-unova,78
572,updated-unova,107
572,conquest-gallery,96
573,national,573
573,original-unova,79
573,updated-unova,108
573,conquest-gallery,97
574,national,574
574,original-unova,80
574,updated-unova,136
574,conquest-gallery,63
574,kalos-mountain,126
575,national,575
575,original-unova,81
575,updated-unova,137
575,conquest-gallery,64
575,kalos-mountain,127
576,national,576
576,original-unova,82
576,updated-unova,138
576,conquest-gallery,65
576,kalos-mountain,128
577,national,577
577,original-unova,83
577,updated-unova,139
577,kalos-coastal,115
578,national,578
578,original-unova,84
578,updated-unova,140
578,kalos-coastal,116
579,national,579
579,original-unova,85
579,updated-unova,141
579,kalos-coastal,117
580,national,580
580,original-unova,86
580,updated-unova,153
580,kalos-central,127
581,national,581
581,original-unova,87
581,updated-unova,154
581,kalos-central,128
582,national,582
582,original-unova,88
582,updated-unova,255
582,kalos-mountain,85
583,national,583
583,original-unova,89
583,updated-unova,256
583,kalos-mountain,86
584,national,584
584,original-unova,90
584,updated-unova,257
584,kalos-mountain,87
585,national,585
585,original-unova,91
585,updated-unova,159
586,national,586
586,original-unova,92
586,updated-unova,160
587,national,587
587,original-unova,93
587,updated-unova,144
587,conquest-gallery,180
587,kalos-coastal,86
588,national,588
588,original-unova,94
588,updated-unova,155
588,kalos-mountain,22
589,national,589
589,original-unova,95
589,updated-unova,156
589,kalos-mountain,23
590,national,590
590,original-unova,96
590,updated-unova,161
590,kalos-mountain,53
591,national,591
591,original-unova,97
591,updated-unova,162
591,kalos-mountain,54
592,national,592
592,original-unova,98
592,updated-unova,180
593,national,593
593,original-unova,99
593,updated-unova,181
594,national,594
594,original-unova,100
594,updated-unova,182
594,kalos-coastal,149
595,national,595
595,original-unova,101
595,updated-unova,173
595,conquest-gallery,147
596,national,596
596,original-unova,102
596,updated-unova,174
596,conquest-gallery,148
597,national,597
597,original-unova,103
597,updated-unova,175
597,kalos-coastal,69
598,national,598
598,original-unova,104
598,updated-unova,176
598,kalos-coastal,70
599,national,599
599,original-unova,105
599,updated-unova,130
600,national,600
600,original-unova,106
600,updated-unova,131
601,national,601
601,original-unova,107
601,updated-unova,132
602,national,602
602,original-unova,108
602,updated-unova,177
603,national,603
603,original-unova,109
603,updated-unova,178
604,national,604
604,original-unova,110
604,updated-unova,179
605,national,605
605,original-unova,111
605,updated-unova,188
606,national,606
606,original-unova,112
606,updated-unova,189
607,national,607
607,original-unova,113
607,updated-unova,190
607,conquest-gallery,37
607,kalos-mountain,65
608,national,608
608,original-unova,114
608,updated-unova,191
608,conquest-gallery,38
608,kalos-mountain,66
609,national,609
609,original-unova,115
609,updated-unova,192
609,conquest-gallery,39
609,kalos-mountain,67
610,national,610
610,original-unova,116
610,updated-unova,183
610,conquest-gallery,144
610,kalos-central,148
611,national,611
611,original-unova,117
611,updated-unova,184
611,conquest-gallery,145
611,kalos-central,149
612,national,612
612,original-unova,118
612,updated-unova,185
612,conquest-gallery,146
612,kalos-central,150
613,national,613
613,original-unova,119
613,updated-unova,195
613,conquest-gallery,104
613,kalos-mountain,81
614,national,614
614,original-unova,120
614,updated-unova,196
614,conquest-gallery,105
614,kalos-mountain,82
615,national,615
615,original-unova,121
615,updated-unova,197
615,kalos-mountain,111
616,national,616
616,original-unova,122
616,updated-unova,157
616,kalos-mountain,24
617,national,617
617,original-unova,123
617,updated-unova,158
617,kalos-mountain,25
618,national,618
618,original-unova,124
618,updated-unova,231
618,kalos-mountain,39
619,national,619
619,original-unova,125
619,updated-unova,219
619,kalos-coastal,3
620,national,620
620,original-unova,126
620,updated-unova,220
620,kalos-coastal,4
621,national,621
621,original-unova,127
621,updated-unova,270
621,kalos-mountain,141
622,national,622
622,original-unova,128
622,updated-unova,271
622,kalos-coastal,91
623,national,623
623,original-unova,129
623,updated-unova,272
623,kalos-coastal,92
624,national,624
624,original-unova,130
624,updated-unova,223
624,conquest-gallery,158
624,kalos-mountain,48
625,national,625
625,original-unova,131
625,updated-unova,224
625,conquest-gallery,159
625,kalos-mountain,49
626,national,626
626,original-unova,132
626,updated-unova,269
627,national,627
627,original-unova,133
627,updated-unova,109
627,conquest-gallery,169
628,national,628
628,original-unova,134
628,updated-unova,110
628,conquest-gallery,170
629,national,629
629,original-unova,135
629,updated-unova,111
630,national,630
630,original-unova,136
630,updated-unova,112
631,national,631
631,original-unova,137
631,updated-unova,193
631,kalos-mountain,105
632,national,632
632,original-unova,138
632,updated-unova,194
632,kalos-mountain,106
633,national,633
633,original-unova,139
633,updated-unova,273
633,conquest-gallery,90
633,kalos-mountain,142
634,national,634
634,original-unova,140
634,updated-unova,274
634,conquest-gallery,91
634,kalos-mountain,143
635,national,635
635,original-unova,141
635,updated-unova,275
635,conquest-gallery,92
635,kalos-mountain,144
636,national,636
636,original-unova,142
636,updated-unova,171
636,conquest-gallery,173
637,national,637
637,original-unova,143
637,updated-unova,172
637,conquest-gallery,174
638,national,638
638,original-unova,144
638,updated-unova,225
639,national,639
639,original-unova,145
639,updated-unova,226
639,conquest-gallery,191
640,national,640
640,original-unova,146
640,updated-unova,227
641,national,641
641,original-unova,147
641,updated-unova,198
642,national,642
642,original-unova,148
642,updated-unova,199
643,national,643
643,original-unova,149
643,updated-unova,295
643,conquest-gallery,197
644,national,644
644,original-unova,150
644,updated-unova,296
644,conquest-gallery,198
645,national,645
645,original-unova,151
645,updated-unova,200
646,national,646
646,original-unova,152
646,updated-unova,297
647,national,647
647,original-unova,153
647,updated-unova,298
648,national,648
648,original-unova,154
648,updated-unova,299
649,national,649
649,original-unova,155
649,updated-unova,300
650,national,650
650,kalos-central,1
651,national,651
651,kalos-central,2
652,national,652
652,kalos-central,3
653,national,653
653,kalos-central,4
654,national,654
654,kalos-central,5
655,national,655
655,kalos-central,6
656,national,656
656,kalos-central,7
657,national,657
657,kalos-central,8
658,national,658
658,kalos-central,9
659,national,659
659,kalos-central,10
660,national,660
660,kalos-central,11
661,national,661
661,kalos-central,14
662,national,662
662,kalos-central,15
663,national,663
663,kalos-central,16
664,national,664
664,kalos-central,20
665,national,665
665,kalos-central,21
666,national,666
666,kalos-central,22
667,national,667
667,kalos-central,57
668,national,668
668,kalos-central,58
669,national,669
669,kalos-central,68
670,national,670
670,kalos-central,69
671,national,671
671,kalos-central,70
672,national,672
672,kalos-central,89
673,national,673
673,kalos-central,90
674,national,674
674,kalos-central,91
675,national,675
675,kalos-central,92
676,national,676
676,kalos-central,93
677,national,677
677,kalos-central,114
678,national,678
678,kalos-central,115
679,national,679
679,kalos-central,117
680,national,680
680,kalos-central,118
681,national,681
681,kalos-central,119
682,national,682
682,kalos-central,129
683,national,683
683,kalos-central,130
684,national,684
684,kalos-central,131
685,national,685
685,kalos-central,132
686,national,686
686,kalos-coastal,10
687,national,687
687,kalos-coastal,11
688,national,688
688,kalos-coastal,21
689,national,689
689,kalos-coastal,22
690,national,690
690,kalos-coastal,30
691,national,691
691,kalos-coastal,31
692,national,692
692,kalos-coastal,32
693,national,693
693,kalos-coastal,33
694,national,694
694,kalos-coastal,46
695,national,695
695,kalos-coastal,47
696,national,696
696,kalos-coastal,64
697,national,697
697,kalos-coastal,65
698,national,698
698,kalos-coastal,66
699,national,699
699,kalos-coastal,67
700,national,700
700,kalos-coastal,85
701,national,701
701,kalos-coastal,89
702,national,702
702,kalos-coastal,110
703,national,703
703,kalos-coastal,124
704,national,704
704,kalos-mountain,19
705,national,705
705,kalos-mountain,20
706,national,706
706,kalos-mountain,21
707,national,707
707,kalos-mountain,50
708,national,708
708,kalos-mountain,61
709,national,709
709,kalos-mountain,62
710,national,710
710,kalos-mountain,63
711,national,711
711,kalos-mountain,64
712,national,712
712,kalos-mountain,79
713,national,713
713,kalos-mountain,80
714,national,714
714,kalos-mountain,113
715,national,715
715,kalos-mountain,114
716,national,716
716,kalos-mountain,148
717,national,717
717,kalos-mountain,149
718,national,718
718,kalos-mountain,150
719,national,719
720,national,720
721,national,721
